{
"lengthUnit": "mil",
"components": {
	"fields": ["COMPONENT_NO", "COMPONENT_NAME", "LAYER", "X_COORDINATE", "Y_COORDINATE", "ANGLE"],
	"rows": [
		[1, "BUZZER1", "T", -12950, -3170, 180],
		[2, "LED1", "T", -12095, -1695, 0],
		[3, "LED2", "T", -12760, -410, 0],
		[4, "LED3", "T", -11150, -1245, 0],
		[5, "LED4", "T", -13415, -2120, 0],
		[6, "LED5", "T", -10450, -3015, 0],
		[7, "LED6", "T", -12105, 1310, 180],
		[8, "LED7", "T", -13095, -1245, 0],
		[9, "LED8", "T", -11480, -400, 0],
		[10, "LED9", "T", -10820, -2135, 0],
		[11, "LED10", "T", -13760, -3005, 0],
		[12, "Q1", "T", -12274.87, -2142.05, 0],
		[13, "Q2", "T", -11930, -2140, 0],
		[14, "R1", "T", -11500, -1890, 270],
		[15, "R2", "T", -12280, -145, 270],
		[16, "R3", "T", -11735, -1205, 270],
		[17, "R4", "T", -12735, -1890, 270],
		[18, "R5", "T", -10885, -3005, 270],
		[19, "R6", "T", -13010, -2485, 270],
		[20, "R7", "T", -12100, 720, 270],
		[21, "R8", "T", -12515, -1015, 270],
		[22, "R9", "T", -11935, -565, 270],
		[23, "R10", "T", -11160, -2360, 270],
		[24, "R11", "T", -13395, -3020, 270],
		[25, "R12", "T", -11380, -3355, 270],
		[26, "SW1", "T", -12100, -4355, 180],
		[27, "SW2", "T", -12100, -3980, 180],
		[28, "U1", "T", -12100, -3510, 270],
		[29, "U2", "B", -12105, -2775, 0]
	]
},
"pins": {
	"fields": ["PIN_NO", "PIN_NAME", "PIN_X", "PIN_Y", "LAYER", "PIN_TYPE", "NET_NAME", "NET_TYPE", "PAD_SHAPE", "PAD_SIZEX", "PAD_SIZEY", "HOLE_SIZE", "PAD_ANGLE"],
	"rows": [
		[1, "BUZZER1_1", -12800.4, -3170, "T", "DIP", "$2N9523", "", "C", 70.87, 70.87, 39.37, 180],
		[2, "BUZZER1_1", -12800.4, -3170, "B", "DIP", "$2N9523", "", "C", 70.87, 70.87, 39.37, 180],
		[3, "BUZZER1_2", -13099.6, -3170, "T", "DIP", "GND", "GND", "C", 70.87, 70.87, 39.37, 180],
		[4, "BUZZER1_2", -13099.6, -3170, "B", "DIP", "GND", "GND", "C", 70.87, 70.87, 39.37, 180],
		[5, "LED1_1", -12145, -1695, "T", "DIP", "$2N7759", "", "C", 70.87, 70.87, 39.37, 0],
		[6, "LED1_1", -12145, -1695, "B", "DIP", "$2N7759", "", "C", 70.87, 70.87, 39.37, 0],
		[7, "LED1_2", -12045, -1695, "T", "DIP", "$2N7750", "", "C", 70.87, 70.87, 39.37, 0],
		[8, "LED1_2", -12045, -1695, "B", "DIP", "$2N7750", "", "C", 70.87, 70.87, 39.37, 0],
		[9, "LED2_1", -12810, -410, "T", "DIP", "$2N7759", "", "C", 70.87, 70.87, 39.37, 0],
		[10, "LED2_1", -12810, -410, "B", "DIP", "$2N7759", "", "C", 70.87, 70.87, 39.37, 0],
		[11, "LED2_2", -12710, -410, "T", "DIP", "$2N7915", "", "C", 70.87, 70.87, 39.37, 0],
		[12, "LED2_2", -12710, -410, "B", "DIP", "$2N7915", "", "C", 70.87, 70.87, 39.37, 0],
		[13, "LED3_1", -11200, -1245, "T", "DIP", "$2N7759", "", "C", 70.87, 70.87, 39.37, 0],
		[14, "LED3_1", -11200, -1245, "B", "DIP", "$2N7759", "", "C", 70.87, 70.87, 39.37, 0],
		[15, "LED3_2", -11100, -1245, "T", "DIP", "$2N8075", "", "C", 70.87, 70.87, 39.37, 0],
		[16, "LED3_2", -11100, -1245, "B", "DIP", "$2N8075", "", "C", 70.87, 70.87, 39.37, 0],
		[17, "LED4_1", -13465, -2120, "T", "DIP", "$2N7759", "", "C", 70.87, 70.87, 39.37, 0],
		[18, "LED4_1", -13465, -2120, "B", "DIP", "$2N7759", "", "C", 70.87, 70.87, 39.37, 0],
		[19, "LED4_2", -13365, -2120, "T", "DIP", "$2N8081", "", "C", 70.87, 70.87, 39.37, 0],
		[20, "LED4_2", -13365, -2120, "B", "DIP", "$2N8081", "", "C", 70.87, 70.87, 39.37, 0],
		[21, "LED5_1", -10500, -3015, "T", "DIP", "$2N7759", "", "C", 70.87, 70.87, 39.37, 0],
		[22, "LED5_1", -10500, -3015, "B", "DIP", "$2N7759", "", "C", 70.87, 70.87, 39.37, 0],
		[23, "LED5_2", -10400, -3015, "T", "DIP", "$2N8164", "", "C", 70.87, 70.87, 39.37, 0],
		[24, "LED5_2", -10400, -3015, "B", "DIP", "$2N8164", "", "C", 70.87, 70.87, 39.37, 0],
		[25, "LED6_1", -12055, 1310, "T", "DIP", "$2N10025", "", "C", 70.87, 70.87, 39.37, 180],
		[26, "LED6_1", -12055, 1310, "B", "DIP", "$2N10025", "", "C", 70.87, 70.87, 39.37, 180],
		[27, "LED6_2", -12155, 1310, "T", "DIP", "$2N10023", "", "C", 70.87, 70.87, 39.37, 180],
		[28, "LED6_2", -12155, 1310, "B", "DIP", "$2N10023", "", "C", 70.87, 70.87, 39.37, 180],
		[29, "LED7_1", -13145, -1245, "T", "DIP", "$2N10025", "", "C", 70.87, 70.87, 39.37, 0],
		[30, "LED7_1", -13145, -1245, "B", "DIP", "$2N10025", "", "C", 70.87, 70.87, 39.37, 0],
		[31, "LED7_2", -13045, -1245, "T", "DIP", "$2N10026", "", "C", 70.87, 70.87, 39.37, 0],
		[32, "LED7_2", -13045, -1245, "B", "DIP", "$2N10026", "", "C", 70.87, 70.87, 39.37, 0],
		[33, "LED8_1", -11530, -400, "T", "DIP", "$2N10025", "", "C", 70.87, 70.87, 39.37, 0],
		[34, "LED8_1", -11530, -400, "B", "DIP", "$2N10025", "", "C", 70.87, 70.87, 39.37, 0],
		[35, "LED8_2", -11430, -400, "T", "DIP", "$2N10027", "", "C", 70.87, 70.87, 39.37, 0],
		[36, "LED8_2", -11430, -400, "B", "DIP", "$2N10027", "", "C", 70.87, 70.87, 39.37, 0],
		[37, "LED9_1", -10870, -2135, "T", "DIP", "$2N10025", "", "C", 70.87, 70.87, 39.37, 0],
		[38, "LED9_1", -10870, -2135, "B", "DIP", "$2N10025", "", "C", 70.87, 70.87, 39.37, 0],
		[39, "LED9_2", -10770, -2135, "T", "DIP", "$2N10028", "", "C", 70.87, 70.87, 39.37, 0],
		[40, "LED9_2", -10770, -2135, "B", "DIP", "$2N10028", "", "C", 70.87, 70.87, 39.37, 0],
		[41, "LED10_1", -13810, -3005, "T", "DIP", "$2N10025", "", "C", 70.87, 70.87, 39.37, 0],
		[42, "LED10_1", -13810, -3005, "B", "DIP", "$2N10025", "", "C", 70.87, 70.87, 39.37, 0],
		[43, "LED10_2", -13710, -3005, "T", "DIP", "$2N10029", "", "C", 70.87, 70.87, 39.37, 0],
		[44, "LED10_2", -13710, -3005, "B", "DIP", "$2N10029", "", "C", 70.87, 70.87, 39.37, 0],
		[45, "Q1_1", -12174.87, -2142.05, "T", "DIP", "$2N7759", "", "R", 70.87, 70.87, 39.37, 270],
		[46, "Q1_1", -12174.87, -2142.05, "B", "DIP", "$2N7759", "", "R", 70.87, 70.87, 39.37, 270],
		[47, "Q1_2", -12274.87, -2142.05, "T", "DIP", "$2N8394", "", "C", 70.87, 70.87, 39.37, 270],
		[48, "Q1_2", -12274.87, -2142.05, "B", "DIP", "$2N8394", "", "C", 70.87, 70.87, 39.37, 270],
		[49, "Q1_3", -12374.87, -2142.05, "T", "DIP", "GND", "GND", "C", 70.87, 70.87, 39.37, 270],
		[50, "Q1_3", -12374.87, -2142.05, "B", "DIP", "GND", "GND", "C", 70.87, 70.87, 39.37, 270],
		[51, "Q2_1", -11830, -2140, "T", "DIP", "$2N10025", "", "R", 70.87, 70.87, 39.37, 270],
		[52, "Q2_1", -11830, -2140, "B", "DIP", "$2N10025", "", "R", 70.87, 70.87, 39.37, 270],
		[53, "Q2_2", -11930, -2140, "T", "DIP", "$2N10031", "", "C", 70.87, 70.87, 39.37, 270],
		[54, "Q2_2", -11930, -2140, "B", "DIP", "$2N10031", "", "C", 70.87, 70.87, 39.37, 270],
		[55, "Q2_3", -12030, -2140, "T", "DIP", "GND", "GND", "C", 70.87, 70.87, 39.37, 270],
		[56, "Q2_3", -12030, -2140, "B", "DIP", "GND", "GND", "C", 70.87, 70.87, 39.37, 270],
		[57, "R1_1", -11500, -1683.31, "T", "DIP", "$2N7750", "", "C", 62.99, 62.99, 36, 270],
		[58, "R1_1", -11500, -1683.31, "B", "DIP", "$2N7750", "", "C", 62.99, 62.99, 36, 270],
		[59, "R1_2", -11500, -2096.7, "T", "DIP", "VCC", "", "C", 62.99, 62.99, 36, 270],
		[60, "R1_2", -11500, -2096.7, "B", "DIP", "VCC", "", "C", 62.99, 62.99, 36, 270],
		[61, "R2_1", -12280, 61.69, "T", "DIP", "$2N7915", "", "C", 62.99, 62.99, 36, 270],
		[62, "R2_1", -12280, 61.69, "B", "DIP", "$2N7915", "", "C", 62.99, 62.99, 36, 270],
		[63, "R2_2", -12280, -351.69, "T", "DIP", "VCC", "", "C", 62.99, 62.99, 36, 270],
		[64, "R2_2", -12280, -351.69, "B", "DIP", "VCC", "", "C", 62.99, 62.99, 36, 270],
		[65, "R3_1", -11735, -998.31, "T", "DIP", "$2N8075", "", "C", 62.99, 62.99, 36, 270],
		[66, "R3_1", -11735, -998.31, "B", "DIP", "$2N8075", "", "C", 62.99, 62.99, 36, 270],
		[67, "R3_2", -11735, -1411.69, "T", "DIP", "VCC", "", "C", 62.99, 62.99, 36, 270],
		[68, "R3_2", -11735, -1411.69, "B", "DIP", "VCC", "", "C", 62.99, 62.99, 36, 270],
		[69, "R4_1", -12735, -1683.31, "T", "DIP", "$2N8081", "", "C", 62.99, 62.99, 36, 270],
		[70, "R4_1", -12735, -1683.31, "B", "DIP", "$2N8081", "", "C", 62.99, 62.99, 36, 270],
		[71, "R4_2", -12735, -2096.7, "T", "DIP", "VCC", "", "C", 62.99, 62.99, 36, 270],
		[72, "R4_2", -12735, -2096.7, "B", "DIP", "VCC", "", "C", 62.99, 62.99, 36, 270],
		[73, "R5_1", -10885, -2798.31, "T", "DIP", "$2N8164", "", "C", 62.99, 62.99, 36, 270],
		[74, "R5_1", -10885, -2798.31, "B", "DIP", "$2N8164", "", "C", 62.99, 62.99, 36, 270],
		[75, "R5_2", -10885, -3211.69, "T", "DIP", "VCC", "", "C", 62.99, 62.99, 36, 270],
		[76, "R5_2", -10885, -3211.69, "B", "DIP", "VCC", "", "C", 62.99, 62.99, 36, 270],
		[77, "R6_1", -13010, -2278.3, "T", "DIP", "$2N8394", "", "C", 62.99, 62.99, 36, 270],
		[78, "R6_1", -13010, -2278.3, "B", "DIP", "$2N8394", "", "C", 62.99, 62.99, 36, 270],
		[79, "R6_2", -13010, -2691.69, "T", "DIP", "$2N10036", "", "C", 62.99, 62.99, 36, 270],
		[80, "R6_2", -13010, -2691.69, "B", "DIP", "$2N10036", "", "C", 62.99, 62.99, 36, 270],
		[81, "R7_1", -12100, 926.69, "T", "DIP", "$2N10023", "", "C", 62.99, 62.99, 36, 270],
		[82, "R7_1", -12100, 926.69, "B", "DIP", "$2N10023", "", "C", 62.99, 62.99, 36, 270],
		[83, "R7_2", -12100, 513.31, "T", "DIP", "VCC", "", "C", 62.99, 62.99, 36, 270],
		[84, "R7_2", -12100, 513.31, "B", "DIP", "VCC", "", "C", 62.99, 62.99, 36, 270],
		[85, "R8_1", -12515, -808.31, "T", "DIP", "$2N10026", "", "C", 62.99, 62.99, 36, 270],
		[86, "R8_1", -12515, -808.31, "B", "DIP", "$2N10026", "", "C", 62.99, 62.99, 36, 270],
		[87, "R8_2", -12515, -1221.69, "T", "DIP", "VCC", "", "C", 62.99, 62.99, 36, 270],
		[88, "R8_2", -12515, -1221.69, "B", "DIP", "VCC", "", "C", 62.99, 62.99, 36, 270],
		[89, "R9_1", -11935, -358.31, "T", "DIP", "$2N10027", "", "C", 62.99, 62.99, 36, 270],
		[90, "R9_1", -11935, -358.31, "B", "DIP", "$2N10027", "", "C", 62.99, 62.99, 36, 270],
		[91, "R9_2", -11935, -771.69, "T", "DIP", "VCC", "", "C", 62.99, 62.99, 36, 270],
		[92, "R9_2", -11935, -771.69, "B", "DIP", "VCC", "", "C", 62.99, 62.99, 36, 270],
		[93, "R10_1", -11160, -2153.3, "T", "DIP", "$2N10028", "", "C", 62.99, 62.99, 36, 270],
		[94, "R10_1", -11160, -2153.3, "B", "DIP", "$2N10028", "", "C", 62.99, 62.99, 36, 270],
		[95, "R10_2", -11160, -2566.69, "T", "DIP", "VCC", "", "C", 62.99, 62.99, 36, 270],
		[96, "R10_2", -11160, -2566.69, "B", "DIP", "VCC", "", "C", 62.99, 62.99, 36, 270],
		[97, "R11_1", -13395, -2813.31, "T", "DIP", "$2N10029", "", "C", 62.99, 62.99, 36, 270],
		[98, "R11_1", -13395, -2813.31, "B", "DIP", "$2N10029", "", "C", 62.99, 62.99, 36, 270],
		[99, "R11_2", -13395, -3226.69, "T", "DIP", "VCC", "", "C", 62.99, 62.99, 36, 270],
		[100, "R11_2", -13395, -3226.69, "B", "DIP", "VCC", "", "C", 62.99, 62.99, 36, 270],
		[101, "R12_1", -11380, -3148.31, "T", "DIP", "$2N10031", "", "C", 62.99, 62.99, 36, 270],
		[102, "R12_1", -11380, -3148.31, "B", "DIP", "$2N10031", "", "C", 62.99, 62.99, 36, 270],
		[103, "R12_2", -11380, -3561.69, "T", "DIP", "$2N10047", "", "C", 62.99, 62.99, 36, 270],
		[104, "R12_2", -11380, -3561.69, "B", "DIP", "$2N10047", "", "C", 62.99, 62.99, 36, 270],
		[105, "SW1_1", -12001.58, -4355, "T", "DIP", "SW1_1", "", "C", 60, 60, 36, 180],
		[106, "SW1_1", -12001.58, -4355, "B", "DIP", "SW1_1", "", "C", 60, 60, 36, 180],
		[107, "SW1_2", -12099.99, -4355, "T", "DIP", "$2N7127", "", "C", 60, 60, 36, 180],
		[108, "SW1_2", -12099.99, -4355, "B", "DIP", "$2N7127", "", "C", 60, 60, 36, 180],
		[109, "SW1_3", -12198.42, -4355, "T", "DIP", "GND", "GND", "C", 60, 60, 36, 180],
		[110, "SW1_3", -12198.42, -4355, "B", "DIP", "GND", "GND", "C", 60, 60, 36, 180],
		[111, "SW2_1", -12001.58, -3980, "T", "DIP", "$2N9503", "", "C", 60, 60, 39.37, 180],
		[112, "SW2_1", -12001.58, -3980, "B", "DIP", "$2N9503", "", "C", 60, 60, 39.37, 180],
		[113, "SW2_2", -12198.42, -3980, "T", "DIP", "GND", "GND", "C", 60, 60, 39.37, 180],
		[114, "SW2_2", -12198.42, -3980, "B", "DIP", "GND", "GND", "C", 60, 60, 39.37, 180],
		[115, "U1_1", -12255.51, -3360, "T", "DIP", "VCC", "", "O", 60, 78.74, 35.43, 270],
		[116, "U1_1", -12255.51, -3360, "B", "DIP", "VCC", "", "O", 60, 78.74, 35.43, 270],
		[117, "U1_2", -12255.51, -3460, "T", "DIP", "U1_2", "", "O", 60, 78.74, 35.43, 270],
		[118, "U1_2", -12255.51, -3460, "B", "DIP", "U1_2", "", "O", 60, 78.74, 35.43, 270],
		[119, "U1_3", -12255.51, -3560, "T", "DIP", "$2N9523", "", "O", 60, 78.74, 35.43, 270],
		[120, "U1_3", -12255.51, -3560, "B", "DIP", "$2N9523", "", "O", 60, 78.74, 35.43, 270],
		[121, "U1_4", -12255.51, -3660, "T", "DIP", "GND", "GND", "O", 60, 78.74, 35.43, 270],
		[122, "U1_4", -12255.51, -3660, "B", "DIP", "GND", "GND", "O", 60, 78.74, 35.43, 270],
		[123, "U1_5", -11944.49, -3660, "T", "DIP", "$2N10047", "", "O", 60, 78.74, 35.43, 270],
		[124, "U1_5", -11944.49, -3660, "B", "DIP", "$2N10047", "", "O", 60, 78.74, 35.43, 270],
		[125, "U1_6", -11944.49, -3560, "T", "DIP", "$2N10036", "", "O", 60, 78.74, 35.43, 270],
		[126, "U1_6", -11944.49, -3560, "B", "DIP", "$2N10036", "", "O", 60, 78.74, 35.43, 270],
		[127, "U1_7", -11944.49, -3460, "T", "DIP", "$2N9503", "", "O", 60, 78.74, 35.43, 270],
		[128, "U1_7", -11944.49, -3460, "B", "DIP", "$2N9503", "", "O", 60, 78.74, 35.43, 270],
		[129, "U1_8", -11944.49, -3360, "T", "DIP", "VCC", "", "O", 60, 78.74, 35.43, 270],
		[130, "U1_8", -11944.49, -3360, "B", "DIP", "VCC", "", "O", 60, 78.74, 35.43, 270],
		[131, "U2_1", -11658.15, -2775, "B", "SMD", "VCC", "", "R", 94.49, 240.16, 0, 0],
		[132, "U2_1", -12551.85, -2775, "B", "SMD", "VCC", "", "R", 94.49, 240.16, 0, 0],
		[133, "U2_2", -12105, -2775, "B", "SMD", "$2N7127", "", "C", 393.7, 393.7, 0, 0]
	]
}
}